Año,Factor FV,SOH inicio,SOH mínimo técnico,SOH final,Capacidad BESS inicio [MWh],Capacidad BESS final [MWh],Ciclos mínimos técnicos,Ciclos máximos permitidos año,Ciclos equivalentes año,Ciclos equivalentes acumulados,EOL alcanzado,Energía demanda [MWh],Energía FV [MWh],Energía eólica [MWh],Energía red Valle [MWh],Energía red Resto [MWh],Energía red Pico [MWh],Carga renovable BESS [MWh],Carga red total [MWh],Descarga obligatoria [MWh],Descarga económica [MWh],Descarga total BESS [MWh],SOC mínimo observado [MWh],Costo red Valle [USD],Costo red Resto [USD],Costo red Pico [USD],Costo energía red [USD],OPEX FV [USD],OPEX eólico [USD],OPEX BESS [USD],OPEX total [USD],Costo potencia contratada [USD],Costo reemplazo BESS [USD],Flujo anual nominal [USD],VP flujo anual [USD],Demanda no abastecida [MWh],Horas no cumple,Cumple demanda,Exportación [MWh],Curtailment [MWh],Modo despacho,Energía red total [MWh],Aumento red vs año 1 [MWh],Aumento red vs año 1 [%],Pérdida FV vs año 1 [MWh],Variación FV vs año 1 [%],SOH BESS inicio [%],SOH BESS final [%],Pérdida capacidad BESS vs nominal [MWh],Costo energía red a precios año 1 [USD],VP costo energía red [USD],Demanda cubierta por red [%]
1,0.99,1.0,0.76416015625,0.99182950705702,20.06,19.896099911563823,13.971338142123187,9049.987449219198,326.8197177191948,326.8197177191948,False,129446.0,34155.77886483939,91431.64166666666,8151.777705651496,10584.713248187596,5803.079538867411,4179.6932272167005,2031.2574924699752,239.6266118769974,5365.756412640228,5605.383024517225,2.006,260856.88658084787,688006.3611321938,725384.9423584264,1674248.190071468,117098.82165352776,367235.0,86737.39085469577,571071.2125082235,810000.0,0.0,3055319.4025796917,2828999.446833047,0.0,0,True,20074.3680155105,1.0553135326144876,económico LP + reserva multianual de degradación,24539.570492706505,0.0,0.0,0.0,0.0,100.0,99.182950705702,0.16390008843617565,1674248.190071468,1550229.8056217295,18.95738029194143
2,0.986,0.99182950705702,0.76416015625,0.9837006184542348,19.896099911563823,19.733034406191948,13.975652696785074,8737.143384196788,325.1555441114162,651.975261830611,False,129446.0,34017.77571791075,91431.64166666666,8145.047952203791,10641.769251511556,5824.487453690444,4157.799663619221,2021.524750472892,239.70061209836985,5337.139671619763,5576.840283718132,1.9896099911563825,267157.5728322844,709007.8763819573,746262.4550040881,1722427.9042183296,120026.29219486594,376415.875,88905.82562606316,585347.992820929,830249.9999999999,0.0,3138025.8970392584,2690351.4206440826,0.0,0,True,20011.26670573149,0.9712058777364164,económico LP + reserva multianual de degradación,24611.304657405795,71.73416469928998,0.29232037586236626,138.0031469286405,-0.40404040404039554,99.182950705702,98.37006184542348,0.3269655938080511,1680417.4675300778,1476704.3074574154,19.012796577264492
3,0.982,0.9837006184542348,0.764453125,0.9756132544586298,19.733034406191948,19.57080188444011,13.97998507883705,8425.967825164209,323.49455982419965,975.4698216548106,False,129446.0,33879.77257098211,91431.64166666666,8137.7743949977585,10698.89153705897,5846.498618868463,4136.039009812072,2011.7197092048757,239.77491808265785,5308.577325830137,5548.352243912796,1.973303440619195,273591.9751598246,730633.9898729676,767809.7014310848,1772035.666463877,123026.94949973756,385826.271875,91128.47126671474,599981.6926414523,851006.2499999999,0.0,3223023.609105329,2558540.0544769983,0.0,0,True,19948.457493005502,0.7148204643116465,económico LP + reserva multianual de degradación,24683.16455092519,143.59405821868495,0.5851531030722932,276.006293857281,-0.8080808080807911,98.37006184542348,97.56132544586298,0.489198115559887,1686649.0579073192,1406699.0442766894,19.068309990980943
4,0.978,0.9756132544586298,0.764453125,0.967567633746072,19.57080188444011,19.40940673294621,13.984570897038765,8116.457836237048,321.8248285023019,1297.2946501571123,False,129446.0,33741.76942405346,91431.64166666666,8130.01214030357,10755.813373993376,5869.111706915808,4114.480307015294,2001.546486437923,239.8535708263809,5279.860610265148,5519.714181091529,1.9570801884440112,280164.2833609311,752884.2481357004,790048.9217819225,1823097.453278554,126102.623237231,395471.92867187486,93406.68304838258,614981.2349574885,872281.4062499998,0.0,3310360.0944860424,2433213.492953329,0.0,0,True,19885.511368791987,0.5243307792065721,económico LP + reserva multianual de degradación,24754.937221212756,215.3667285062511,0.8776303911686678,414.00944078592875,-1.2121212121211977,97.56132544586298,96.7567633746072,0.6505932670537895,1692927.2211637597,1340031.0527169243,19.12375602275293
5,0.974,0.967567633746072,0.7647460937499999,0.959563717075932,19.40940673294621,19.2488481645432,13.989156715240476,7808.622164449986,320.1566668056042,1617.4513169627166,False,129446.0,33603.766277124814,91431.64166666666,8121.864630836449,10812.861341372563,5891.974780442448,4093.178752256425,1991.145945120815,239.932223570104,5251.170815812855,5491.103039382959,1.9409406732946208,286880.60401371284,775799.4226546043,812954.7142362217,1875634.740904539,129255.18881816175,405358.7268886717,95741.85012459214,630355.7658314256,894088.4414062497,0.0,3400078.9481422137,2314036.6006937874,0.0,0,True,19822.51640295553,0.3706354931293809,económico LP + reserva multianual de degradación,24826.70075265146,287.13025994495547,1.1700704379903246,552.0125877145765,-1.6161616161616155,96.7567633746072,95.9563717075932,0.8111518354567977,1699232.502931289,1276525.488432386,19.17919499455484
6,0.97,0.959563717075932,0.7650390624999999,0.9516017832503476,19.2488481645432,19.089131772001974,13.994144424091372,7502.459642068474,318.47735302337475,1935.9286699860916,False,129446.0,33465.76313019617,91431.64166666666,8113.653739923536,10869.998038463164,5915.201117737939,4071.720059019578,1980.6906057004292,240.01776926091836,5222.282855648888,5462.300624909807,1.92488481645432,293755.343292807,799396.328563443,836563.3906885631,1929715.062544813,132486.56853861577,415492.6950608885,98135.39637770691,646114.6599772112,916440.6524414058,0.0,3492270.3749634298,2200722.719165624,0.0,0,True,19759.93071297023,0.2169402070521897,económico LP + reserva multianual de degradación,24898.852896124637,359.28240341813216,1.464094098651465,690.0157346432243,-2.020202020202033,95.9563717075932,95.16017832503476,0.9708682279980252,1705586.9318949007,1216047.8209545715,19.23493417805466
7,0.966,0.9516017832503476,0.7650390624999999,0.9436816685142148,19.089131772001974,18.93025427039515,13.999642224391742,7197.981931269491,316.8045894453141,2252.7332594314057,False,129446.0,33327.759983267526,91431.64166666666,8105.19392331225,10926.91219862134,5938.886137262225,4050.576274888572,1970.0448386332173,240.11206368321007,5193.498491270206,5433.610554953416,1.9089131772001973,300785.2814785385,823671.4302785349,860910.8956123469,1985367.6073694208,135798.73275208118,425880.01243741065,100588.7812871496,662267.5264766415,939351.6687524408,0.0,3586986.802598503,2092972.3472482576,0.0,0,True,19697.26400016116,0.1193504004760654,económico LP + reserva multianual de degradación,24970.992259195817,431.42176648931127,1.758065678523329,828.0188815718648,-2.4242424242424288,95.16017832503476,94.36816685142148,1.1297457296048492,1711976.2656141575,1158442.9299646202,19.290663488401197
8,0.962,0.9436816685142148,0.7653320312499998,0.9358029056984478,18.93025427039515,18.772206288310866,14.005140024692116,6895.1824818488685,315.15051263067943,2567.883772062085,False,129446.0,33189.756836338885,91431.64166666666,8096.539909344163,10983.881847907607,5962.74796824327,4029.748223360057,1959.4384661497188,240.20635810550183,5165.034629177071,5405.240987282572,1.893025427039515,307975.73261579283,848664.9517178724,885979.1953206067,2042619.879654272,139193.7010708832,436527.0127483459,103103.50081932834,678824.2146385574,962835.460471252,0.0,3684279.554764081,1990501.6052458256,0.0,0,True,19634.554826047104,0.0677002262849981,económico LP + reserva multianual de degradación,25043.16972549504,503.599232788536,2.0521925309907627,966.0220285005053,-2.8282828282828243,94.36816685142148,93.58029056984478,1.2877937116891331,1718385.0932434166,1103563.9638423733,19.34642223436417
9,0.958,0.9358029056984478,0.7653320312499998,0.9279648605705464,18.772206288310866,18.61497510304516,14.010637824992484,6594.042607043182,313.52180511605894,2881.405577178144,False,129446.0,33051.75368941024,91431.64166666666,8087.957821773263,11040.624808119845,5986.762038001921,4009.111012782059,1949.1233762340755,240.3006525277936,5137.005883559268,5377.3065360870605,1.8772206288310864,315340.51983956934,874375.4016746508,911786.0267254896,2101501.9482397097,142673.54359765525,447440.1880670545,105681.08833981153,695794.8200045213,986906.346983033,0.0,3784203.115227264,1893043.699808088,0.0,0,True,19571.796120990766,0.0160500520939308,económico LP + reserva multianual de degradación,25115.344667895028,575.7741751885223,2.346309098440212,1104.025175429153,-3.232323232323231,93.58029056984478,92.79648605705464,1.4450248969548376,1724800.517574774,1051274.1790316636,19.402179030557164
10,0.954,0.9279648605705464,0.7656249999999999,0.9201671736267928,18.61497510304516,18.458553502953464,14.016135625292856,6294.536937552415,311.90747775013875,3193.313054928283,False,129446.0,32913.75054248159,91431.64166666666,8079.461680268888,11097.133524200295,6010.945887559731,3988.685774331954,1938.8695975638395,240.3949469500853,5109.223776185869,5349.6187231359545,1.861497510304516,322884.4963071665,900821.943511008,938355.9666665688,2162062.406484743,146240.38218759664,458626.19276873086,108323.1155483068,713189.6905046343,1011579.0056576089,0.0,3886831.102646986,1800354.8560310963,0.0,0,True,19508.99665241734,0.0,económico LP + reserva multianual de degradación,25187.541092028914,647.9705993224088,2.640513205049756,1242.0283223578008,-3.6363636363636487,92.79648605705464,92.01671736267927,1.6014464970465347,1731224.68878659,1001453.2275164344,19.457952421881647
11,0.95,0.9201671736267928,0.7656249999999999,0.9124095628691652,18.458553502953464,18.30293583115545,14.021633425593228,5996.651093227869,310.3044303051082,3503.617485233391,False,129446.0,32775.74739555296,91431.64166666666,8071.034418397576,11153.62664002389,6035.104288470839,3968.395650837484,1928.695069929277,240.48924137237708,5081.635134119624,5322.1243754920015,1.8458553502953463,330611.40526936215,928043.0297860357,965680.465285584,2224334.900340982,149896.39174228653,470091.847587949,111031.19343701446,731019.43276725,1036868.4807990488,0.0,3992222.813907281,1712195.9355416354,0.0,0,True,19446.18806383717,0.0,económico LP + reserva multianual de degradación,25259.7653468923,720.1948541857964,2.9348307232999375,1380.031469286434,-4.040404040404022,92.01671736267927,91.24095628691651,1.757064168844547,1737646.86904913,953979.1121828126,19.51374731308214
12,0.946,0.9124095628691652,0.76591796875,0.9046917315053582,18.30293583115545,18.148116133997483,14.027131225893596,5700.373794148654,308.7132545522814,3812.330739785672,False,129446.0,32637.74424862431,91431.64166666666,8062.717933959769,11209.986539117155,6059.298106009055,3948.2269991101616,1918.6246826655097,240.5835357946688,5054.250107007874,5294.833642802543,1.8302935831155451,338527.50805643515,956050.7951869812,993790.52506687,2288368.8283102866,153643.8015358437,481844.14377764775,113806.97327293982,749294.9185864312,1062790.1928190251,0.0,4100453.939715743,1628346.6761552813,0.0,0,True,19383.370455403827,0.0,económico LP + reserva multianual de degradación,25332.00257908598,792.4320863794746,3.2292011248322225,1518.0346162150818,-4.444444444444439,91.24095628691651,90.46917315053582,1.9118838660025155,1744068.3621804598,908742.7465786209,19.569552229567527
13,0.942,0.9046917315053582,0.76591796875,0.8970134503309389,18.148116133997483,17.994089813638634,14.032629026193964,5405.693168622568,307.1312469767702,4119.461986762442,False,129446.0,32499.741101695665,91431.64166666666,8054.495344211446,11266.070346209048,6083.709270249265,3928.147993001666,1908.638883754764,240.6778302169605,5027.022326055718,5267.700156272678,1.8148116133997485,346636.8247479618,984854.7866162952,1022739.075940229,2354230.687304486,157484.89657423977,493890.2473720889,116652.14760476332,768027.2915510919,1089359.9476395007,0.0,4211617.926495079,1548603.1710845337,0.0,0,True,19320.571008548333,0.0,económico LP + reserva multianual de degradación,25404.27496066976,864.7044679632563,3.5237147619199702,1656.037763143726,-4.848484848484846,90.46917315053582,89.70134503309389,2.0659101863613643,1750502.0822995123,865645.7379214995,19.62538429976188
14,0.938,0.8970134503309389,0.7662109374999999,0.88937473207421,17.994089813638634,17.84085712540865,14.03812682649434,5112.600048472292,305.5487302691569,4425.0107170316,False,129446.0,32361.73795476702,91431.64166666666,8046.285049876742,11321.860064445353,6108.668861499492,3907.99031974304,1898.7220763404955,240.77212463925235,4999.785812826139,5240.557937465391,1.7994089813638636,354940.56996116065,1014475.0945622696,1052608.4368654145,2422024.1013888447,161422.01898859572,506237.5035563911,119568.45129488235,787227.9738398691,1116593.946330488,0.0,4325846.021559201,1472782.0412767332,0.0,0,True,19258.03913863713,0.0,económico LP + reserva multianual de degradación,25476.813975821588,937.2434831150822,3.819314944381947,1794.04091007237,-5.252525252525242,89.70134503309389,88.93747320742101,2.2191428745913484,1756985.63347244,824604.8477655206,19.68142235049487
15,0.934,0.88937473207421,0.7662109374999999,0.8817757541810978,17.84085712540865,17.68842162887282,14.043624626794708,4821.094942829929,303.95911572449137,4728.969832756091,False,129446.0,32223.734807838373,91431.64166666666,8037.791437305696,11377.703769780572,6133.848224951084,3887.979150648001,1888.523875973016,240.8664190615441,4972.427562463923,5213.293981525468,1.7840857125408651,363430.04413952143,1044965.8420171408,1083370.870460285,2491766.7566169472,165457.56946331062,518893.4411453008,122557.66257725444,806908.6731858659,1144508.7949887502,0.0,4443184.224791563,1400676.9705008382,0.0,0,True,19195.510861446848,0.0,económico LP + reserva multianual de degradación,25549.343432037353,1009.7729393308473,4.114876173692467,1932.0440570010178,-5.656565656565659,88.93747320742101,88.17757541810978,2.3715783711271783,1763491.0991484048,785508.8007332521,19.7374530167308
16,0.93,0.8817757541810978,0.7665039062499999,0.8742168889290026,17.68842162887282,17.53679079191579,14.04912242709508,4531.184949532533,302.35461008380435,5031.324442839896,False,129446.0,32085.73166090973,91431.64166666666,8028.947795445827,11433.428922641177,6159.500428696627,3868.1037947558407,1877.906868878899,240.9607134838358,4944.813910446517,5185.774623930353,1.768842162887282,372105.9318737034,1076335.919454099,1115099.1471782054,2563540.998506008,169594.00869989337,531865.7771739332,125621.60414168578,827081.3900155124,1173121.5148634687,0.0,4563743.903384989,1332113.3417877494,0.0,0,True,19133.01443465564,0.0,económico LP + reserva multianual de degradación,25621.877146783634,1082.3066540771288,4.410454756731806,2070.047203929662,-6.060606060606066,88.17757541810978,87.42168889290026,2.5232092080842072,1770036.7630130216,748273.180665735,19.7934869727791
17,0.926,0.8742168889290026,0.7667968749999998,0.866699069283341,17.53679079191579,17.38598332982382,14.05462022739545,4242.884959676125,300.7127858264682,5332.037228666364,False,129446.0,31947.72851398109,91431.64166666666,8019.347282560285,11489.377242794317,6185.6961779747135,3848.3339061280335,1866.4751836730763,241.05500790612757,4916.560195639375,5157.615203545503,1.7536790791915793,380952.515679672,1108642.9311631515,1147837.5929877523,2637433.039830576,173833.8589173907,545162.4216032816,128762.14424522792,847758.4247659002,1202449.552735055,0.0,4687641.017331531,1266923.822506542,0.0,0,True,19070.596997721463,0.0,económico LP + reserva multianual de degradación,25694.420703329317,1154.8502106228116,4.706073445605125,2208.0503508583024,-6.464646464646462,87.42168889290026,86.6699069283341,2.6740166701761794,1776640.656070399,712816.2621824078,19.849528531842868
18,0.922,0.866699069283341,0.7667968749999998,0.8592230350055894,17.38598332982382,17.236014082212122,14.060118027695818,3956.232291877352,299.04137111006133,5631.078599776425,False,129446.0,31809.72536705244,91431.64166666666,8008.995999303048,11545.264399351065,6212.732586625146,3828.656549065136,1854.388623588598,241.14930232841925,4887.798965991575,5128.948268319994,1.738598332982382,389972.3061194772,1141886.534111061,1181675.919452339,2713534.759682877,178179.70539032543,558791.4821433636,131981.1978513586,868952.3853850475,1232510.7915534317,0.0,4814997.936621357,1204948.5588354785,0.0,0,True,19008.26311466463,0.0,económico LP + reserva multianual de degradación,25766.99298527926,1227.422492572754,5.001809191964304,2346.05349778695,-6.868686868686879,86.6699069283341,85.92230350055894,2.8239859177878763,1783321.6312636598,679059.4390834066,19.905592281939384
19,0.918,0.8592230350055894,0.7670898437499998,0.8517900837723109,17.236014082212122,17.086909080472555,14.065615827996192,3671.256536595287,297.3180493311397,5928.396649107564,False,129446.0,31671.7222201238,91431.64166666666,7997.537470980145,11601.27716629632,6240.895601742156,3808.922537975392,1841.3722647871296,241.24359675071105,4858.147462742464,5099.391059493176,1.7236014082212123,399149.7291775553,1176112.1494813242,1216708.4039441654,2791970.282603045,182634.19802508355,572761.2691969476,135280.72779764255,890676.1950196737,1263323.561342267,0.0,4945970.038964986,1146040.9261928378,0.0,0,True,18946.170382539745,0.0,económico LP + reserva multianual de degradación,25839.710239018623,1300.1397463121175,5.298135705751397,2484.0566447155907,-7.2727272727272645,85.92230350055894,85.17900837723109,2.9730909195274435,1790116.165098395,646933.1967985107,19.961768026063858
20,0.914,0.8517900837723109,0.7670898437499998,0.8444000455707991,17.086909080472555,16.938664914150227,14.071113628296562,3388.0096008924447,295.60152806047364,6223.998177168038,False,129446.0,31533.71907319516,91431.64166666666,7986.117197766183,11657.285563157146,6269.0611319959335,3789.272200594104,1828.4014705677812,241.3378911730028,4828.612597050598,5069.9504882236015,1.7086909080472557,408544.24770639685,1211334.912430923,1252754.467813908,2872633.627951228,187200.05297571063,587080.3009268712,138662.7459925836,912943.0998951654,1294906.650375824,0.0,5080483.378222217,1090008.6015436817,0.0,0,True,18884.101449842805,0.0,económico LP + reserva multianual de degradación,25912.463892919266,1372.8934002127608,5.594610552050223,2622.059791644231,-7.67676767676766,85.17900837723109,84.4400045570799,3.121335085849772,1796911.9534332242,616318.3954055472,20.017971890146676
