P_FV [MW],N aeros,P_EOL instalada [MW],P_BESS [MW],N containers BESS,E_BESS [MWh],Duración BESS nominal [h],Duración BESS útil BOL [h],CAPEX FV [USD],CAPEX eólico [USD],CAPEX BESS energía [USD],CAPEX BESS potencia [USD],CAPEX BESS total [USD],CAPEX total [USD],VP operación 20a [USD],Costo total 20a [USD],Horas no cumple 20a,Energía no abastecida 20a [MWh],Ciclos acumulados año 20,SOH final año 20,EOL alcanzado,Exportación 20a [MWh],Potencia módulo FV [W],Pitch FV [m],GCR FV,N módulos FV,Área FV terreno [m2],Área BESS screening [m2],Área eólica reservada screening [m2],Área residual tras eólica [m2],Área total screening [m2],Uso terreno total screening [%],Factible,Costo surrogate 20a [USD],Etapa V13
25.48814830055799,0,0.0,6.706979750035481,6,30.089999999999996,4.486371082280487,4.037733974052439,15649723.056542607,0.0,5717099.999999999,1602968.16025848,7320068.160258479,23369791.216801085,79075686.1023932,102445477.31919429,0,0.0,2578.125,0.935546875,False,0.0,700.0,6.5,0.36676923076923074,36412,308391.434,137.37642400000001,0.0,804164.0744,308528.810424,38.366400619699206,True,101246540.75976373,validación familia
25.755188384449305,0,0.0,5.612006684258549,7,35.105,6.255338237295422,5.629804413565879,15813685.668051872,0.0,6669949.999999999,1341269.5975377932,8011219.597537792,24224905.265589666,73805989.35625719,98030894.62184685,0,0.0,6161.746934529508,0.8459563266367622,False,0.0,700.0,6.5,0.36676923076923074,36794,311626.783,161.89782800000003,0.0,804164.0744,311788.680828,38.77177441191098,True,102339446.33865145,validación familia
25.457874516147243,0,0.0,5.897382546079443,8,40.12,6.803018065475778,6.122716258928201,15631134.952914407,0.0,7622799.999999999,1409474.428512987,9032274.428512987,25063409.381427392,73822233.88559048,98885643.26701787,0,0.0,5710.547273309991,0.8572363181672502,False,0.0,700.0,6.5,0.36676923076923074,36369,308027.2455,186.41923200000002,0.0,804164.0744,308213.66473200003,38.32721139177515,True,103484600.80160995,validación familia
23.618013485075068,1,3.43,3.6518927420717393,4,20.06,5.4930419420313665,4.94373774782823,14501460.279836092,3258500.0,3811399.9999999995,872802.3653551457,4684202.365355145,22844162.645191237,64521835.74186427,87365998.38705552,0,0.0,6621.09375,0.83447265625,False,1183.5752730591828,700.0,6.5,0.36676923076923074,33741,285769.3995,88.333616,13273.228961416877,790890.8454385832,299130.9620774169,37.19775249853127,True,90466533.33987953,validación familia
23.654452960177153,1,3.43,8.81517593563092,5,25.075,2.8445263240461154,2.560073691641504,14523834.117548771,3258500.0,4764250.0,2106827.04861579,6871077.04861579,25053411.166164562,62690950.318818584,87744361.48498315,0,0.0,7273.781723042119,0.8181554569239471,False,270.6247013903886,700.0,6.5,0.36676923076923074,33793,286209.8135,112.85502000000001,13273.228961416877,790890.8454385832,299595.8974814169,37.25556848643733,True,92242684.9387008,validación familia
21.470562362520194,1,3.43,6.878039508598073,6,30.089999999999996,4.3747931314417725,3.9373138182975955,13182925.2905874,3258500.0,5717099.999999999,1643851.4425549395,7360951.442554939,24202376.73314234,63343165.48920357,87545542.22234592,0,0.0,7003.139733458775,0.8249215066635306,False,25.501667842779817,700.0,6.5,0.36676923076923074,30673,259784.9735,137.37642400000001,13273.228961416877,790890.8454385832,273195.57888541685,33.972616731138174,True,92768587.48295714,validación familia
25.59974500160033,1,3.43,7.798817357842116,7,35.105,4.501323519866778,4.0511911678801,15718243.430982603,3258500.0,6669949.999999999,1863917.3485242657,8533867.348524265,27910610.77950687,59309036.19083219,87219646.97033906,0,0.0,7090.605423499887,0.8227348644125028,False,0.0,700.0,6.5,0.36676923076923074,36572,309746.554,161.89782800000003,13273.228961416877,790890.8454385832,323181.6807894169,40.18852508806092,True,93453765.40706775,validación familia
25.831336301724633,1,3.43,6.207256004467332,8,40.12,6.463403470249306,5.817063123224375,15860440.489258924,3258500.0,7622799.999999999,1483534.1850676925,9106334.18506769,28625274.674326614,59179336.84927811,87804611.52360472,0,0.0,6663.3450696662685,0.8334163732583433,False,0.0,700.0,6.5,0.36676923076923074,36902,312541.489,186.41923200000002,13273.228961416877,790890.8454385832,326001.1371934169,40.539132195957855,True,94358305.59525919,validación familia
20.953707666769805,2,6.86,6.183939693261823,4,20.06,3.2438867445389032,2.919498070085013,12865576.50739666,6517000.0,3811399.9999999995,1477961.5866895756,5289361.586689575,25071938.094086237,53993205.82471889,79065143.91880512,0,0.0,7921.874999999998,0.801953125,False,20674.6508775783,700.0,6.5,0.36676923076923074,29934,253526.013,88.333616,26546.457922833753,777617.6164771663,280160.80453883373,34.838761573360046,True,83146220.39568521,validación familia
22.15092498386097,2,6.86,3.9824077161883067,5,25.075,6.296442199544577,5.66679797959012,13600667.940090636,6517000.0,4764250.0,951795.4441690053,5716045.444169005,26233713.38425964,52210781.452099025,78444494.83635867,0,0.0,7870.521080421915,0.8032369729894522,False,16080.507046009061,700.0,6.5,0.36676923076923074,31645,268017.3275,112.85502000000001,26546.457922833753,777617.6164771663,294676.64044283377,36.64384543200302,True,83538931.36885527,validación familia
23.66665390075523,2,6.86,5.115576724100441,6,30.089999999999996,5.882034738769603,5.293831264892642,14531325.495063711,6517000.0,5717099.999999999,1222622.8370600054,6939722.8370600045,28388048.332123715,49916120.62388874,78304168.95601246,0,0.0,7975.589773409437,0.8006102556647641,False,14060.350796974062,700.0,6.5,0.36676923076923074,33810,286353.79500000004,137.37642400000001,26546.457922833753,777617.6164771663,313037.6293468338,38.92708457293324,True,84563254.05584371,validación familia
21.52680265606552,2,6.86,7.387022949035899,7,35.105,4.752252733231545,4.27702745990839,13217456.83082423,6517000.0,6669949.999999999,1765498.4848195799,8435448.48481958,28569905.31564381,49619255.16730119,78189160.482945,0,0.0,7771.484295952245,0.8057128926011938,False,6495.8782422914355,700.0,6.5,0.36676923076923074,30753,260462.5335,161.89782800000003,26546.457922833753,777617.6164771663,287170.8892508337,35.71048476209244,True,85405732.39684628,validación familia
22.39093944907725,2,6.86,6.367400560845598,8,40.12,6.300844373873035,5.670759936485732,13748036.821733432,6517000.0,7622799.999999999,1521808.734042098,9144608.734042097,29809645.555775527,48815439.144980706,78625084.70075624,0,0.0,7320.266400325401,0.816993339991865,False,4882.030698798472,700.0,6.5,0.36676923076923074,31988,270922.36600000004,186.41923200000002,26546.457922833753,777617.6164771663,297655.2431548338,37.014242818161115,True,86307783.96021955,validación familia
18.47077827097769,3,10.290000000000001,4.841764644080377,4,20.06,4.143117535571601,3.7288057820144402,11341057.8583803,9775500.0,3811399.9999999995,1157181.7499352102,4968581.74993521,26485139.608315513,45422603.18581357,71907742.79412907,0,0.0,8496.09375,0.78759765625,False,66533.69393609982,700.0,6.5,0.36676923076923074,26387,223484.69650000002,88.333616,39819.68688425063,764344.3875157494,263392.71700025065,32.753604069763036,True,76516474.1604042,validación familia
18.388631911281756,3,10.290000000000001,4.440653121632124,5,25.075,5.646691897155862,5.0820227074402755,11290619.993526999,9775500.0,4764250.0,1061316.0960700777,5825566.096070077,27291686.089597076,44287973.70629163,71579659.7958887,0,0.0,8227.166965120477,0.794320825871988,False,52478.40202848057,700.0,6.5,0.36676923076923074,26270,222493.765,112.85502000000001,39819.68688425063,764344.3875157494,262426.30690425064,32.63342833364587,True,77197129.65083915,validación familia
18.940480025167652,3,10.290000000000001,5.011420116173157,6,30.089999999999996,6.004286071106219,5.403857463995597,11629454.735452939,9775500.0,5717099.999999999,1197729.4077653845,6914829.407765384,28719784.143218324,42843923.62065822,71563707.76387654,0,0.0,7925.341141943907,0.8018664714514023,False,48867.24835306617,700.0,6.5,0.36676923076923074,27058,229167.73100000003,137.37642400000001,39819.68688425063,764344.3875157494,269124.79430825065,33.46640354570043,True,78069235.36061479,validación familia
20.428330923994366,3,10.290000000000001,6.038846407211674,7,35.105,5.8131963677826155,5.231876731004354,12542995.18733254,9775500.0,6669949.999999999,1443284.29132359,8113234.291323589,30831729.478656128,40709271.80810204,71541001.28675817,0,0.0,7812.81732786973,0.8046795668032567,False,52410.32570528135,700.0,6.5,0.36676923076923074,29184,247173.888,161.89782800000003,39819.68688425063,764344.3875157494,287155.4727122506,35.70856767339451,True,79068494.20455678,validación familia
19.085152953667592,3,10.290000000000001,6.164812244036064,8,40.12,6.507902984200811,5.85711268578073,11718283.9135519,9775500.0,7622799.999999999,1473390.1263246192,9096190.126324618,30989974.03987652,41102203.58611368,72092177.6259902,0,0.0,7270.535186550011,0.8182366203362497,False,35756.51390105562,700.0,6.5,0.36676923076923074,27265,230920.9175,186.41923200000002,39819.68688425063,764344.3875157494,270927.0236162506,33.69051568467464,True,80007021.01565328,validación familia
19.031610292805752,4,13.72,4.4972682057936515,4,20.06,4.460485584150285,4.014437025735257,11685408.719782732,13034000.0,3811399.9999999995,1074847.1011846827,4886247.101184682,30005655.820967413,37578697.49981461,67584353.32078202,0,0.0,7977.716475402849,0.8005570881149288,False,216794.72497953213,700.0,6.5,0.36676923076923074,27189,230277.2355,88.333616,53092.91584566751,751071.1585543326,283458.4849616675,35.24883714472827,True,72386788.7372137,validación familia
16.937894361451317,4,13.72,5.148793618407597,5,25.075,4.870072847813061,4.383065563031755,10399867.137931108,13034000.0,4764250.0,1230561.6747994155,5994811.674799415,29828678.812730525,37783465.223396175,67612144.0361267,0,0.0,7418.338695544127,0.8145415326113968,False,163348.1369930118,700.0,6.5,0.36676923076923074,24197,204936.4915,112.85502000000001,53092.91584566751,751071.1585543326,258142.2623656675,32.100695689281025,True,73163408.23981178,validación familia
18.166723881391324,4,13.72,5.136636156002931,6,30.089999999999996,5.85791928533527,5.272127356801743,11154368.463174272,13034000.0,5717099.999999999,1227656.0412847004,6944756.041284699,31533124.50445897,36358982.98463118,67892107.48909014,0,0.0,6919.416161401816,0.8270145959649546,False,178947.4727034246,700.0,6.5,0.36676923076923074,25953,219808.9335,137.37642400000001,53092.91584566751,751071.1585543326,273039.22576966754,33.95317379396569,True,74058814.79828218,validación familia
17.310110404578882,4,13.72,6.416879651392411,7,35.105,5.470727504197853,4.923654753778068,10628407.788411433,13034000.0,6669949.999999999,1533634.2366827861,8203584.236682786,32265992.02509422,35947180.35623852,68213172.38133274,0,0.0,6665.298306169788,0.8333675423457553,False,152620.99765268696,700.0,6.5,0.36676923076923074,24729,209442.26549999998,161.89782800000003,53092.91584566751,751071.1585543326,262697.0791736675,32.66709960522298,True,75114291.56962939,validación familia
18.19603873204897,4,13.72,5.738155252881581,8,40.12,6.991794092683807,6.292614683415426,11172367.781478066,13034000.0,7622799.999999999,1371419.1054386979,8994219.105438696,33600586.886916764,35508179.24204604,69108766.12896281,0,0.0,6063.536805566423,0.8484115798608394,False,162694.06812857382,700.0,6.5,0.36676923076923074,25995,220164.6525,186.41923200000002,53092.91584566751,751071.1585543326,273443.98757766746,34.00350703078703,True,76149621.48063958,validación familia
25.13472361831401,5,17.150000000000002,4.228564966110266,3,15.044999999999998,3.5579446267416475,3.2021501640674828,15432720.301644802,16292500.000000002,2858549.9999999995,1010627.0269003536,3869177.026900353,35994397.32854515,38585709.57471821,74580106.90326336,0,0.0,363.2812499999982,0.99091796875,False,654209.9279034848,700.0,6.5,0.36676923076923074,35907,304114.3365,63.812212,66366.14480708438,737797.9295929157,370544.29351908434,46.07819539756902,True,73007699.4549444,validación familia
14.491425305853385,5,17.150000000000002,3.5521944018448854,4,20.06,5.6472134491236,5.08249210421124,8897735.137793979,16292500.000000002,3811399.9999999995,848974.4620409276,4660374.462040927,30250609.599834908,37174528.88956705,67425138.48940195,0,0.0,6162.320916804962,0.845941977079876,False,371656.20748754113,700.0,6.5,0.36676923076923074,20703,175344.0585,88.333616,66366.14480708438,737797.9295929157,241798.53692308438,30.06830877187522,True,71075639.18205413,validación familia
17.27368374777867,5,17.150000000000002,3.6505435274092015,5,25.075,6.868840163589497,6.181956147230547,10606041.821136102,16292500.000000002,4764250.0,872479.9030507992,5636729.903050799,32935271.7241869,35041667.15126199,67976938.8754489,0,0.0,5614.249000001134,0.8596437749999717,False,431502.54717173043,700.0,6.5,0.36676923076923074,24677,209001.8515,112.85502000000001,66366.14480708438,737797.9295929157,275480.85132708435,34.256796603681295,True,72046120.5005169,validación familia
16.02167695259258,5,17.150000000000002,4.7883179782844465,6,30.089999999999996,6.284043820076588,5.6556394380689285,9837309.648891844,16292500.000000002,5717099.999999999,1144407.9968099827,6861507.996809982,33391317.645701826,34713932.42167439,68105250.06737623,0,0.0,5580.599859600546,0.8604850035099864,False,385287.5829723053,700.0,6.5,0.36676923076923074,22889,193858.38550000003,137.37642400000001,66366.14480708438,737797.9295929157,260361.9067310844,32.376714531216116,True,73029355.74796672,validación familia
16.660295024384865,5,17.150000000000002,5.109911708933796,7,35.105,6.869981713896344,6.182983542506709,10229421.144972308,16292500.000000002,6669949.999999999,1221268.8984351773,7891218.898435176,34813140.043407485,33962208.019096114,68775348.0625036,0,0.0,5229.926804718699,0.8692518298820325,False,391374.4236601359,700.0,6.5,0.36676923076923074,23801,201582.5695,161.89782800000003,66366.14480708438,737797.9295929157,268110.61213508435,33.34028722125221,True,74093548.89098394,validación familia
17.696221882699444,5,17.150000000000002,3.7350730001717176,8,40.12,10.74142325950671,9.66728093355604,10865480.235977458,16292500.000000002,7622799.999999999,892682.4470410405,8515482.44704104,36073462.6830185,34645042.41747875,70718505.10049725,0,0.0,4148.747449410975,0.8962813137647256,False,419106.21004655247,700.0,6.5,0.36676923076923074,25281,214117.4295,186.41923200000002,66366.14480708438,737797.9295929157,280669.99353908433,34.90208061688118,True,75372461.98693967,validación familia
13.741425305853385,5,17.150000000000002,3.5521944018448854,4,20.06,5.6472134491236,5.08249210421124,8437235.137793979,16292500.000000002,3811399.9999999995,848974.4620409276,4660374.462040927,29790109.599834908,37708456.32367818,67498565.92351308,0,0.0,6149.462851492902,0.8462634287126775,False,353621.4807526474,700.0,6.5,0.36676923076923074,19631,166264.7545,88.333616,66366.14480708438,737797.9295929157,232719.23292308438,28.93927251061545,True,,refinamiento ronda 1
15.241425305853385,5,17.150000000000002,3.5521944018448854,4,20.06,5.6472134491236,5.08249210421124,9358235.137793979,16292500.000000002,3811399.9999999995,848974.4620409276,4660374.462040927,30711109.599834908,36666450.40233211,67377560.00216702,0,0.0,6167.233237052919,0.845819169073677,False,390238.0337618646,700.0,6.5,0.36676923076923074,21774,184414.89299999998,88.333616,66366.14480708438,737797.9295929157,250869.37142308435,31.196291827667395,True,,refinamiento ronda 1
14.491425305853385,5,17.150000000000002,4.052194401844885,4,20.06,4.950404154071944,4.45536373866475,8897735.137793979,16292500.000000002,3811399.9999999995,968474.4620409276,4779874.462040927,30370109.599834908,37032641.02200621,67402750.62184112,0,0.0,6298.678998354554,0.8425330250411361,False,369952.41410302604,700.0,6.5,0.36676923076923074,20703,175344.0585,88.333616,66366.14480708438,737797.9295929157,241798.53692308438,30.06830877187522,True,,refinamiento ronda 1
14.978925305853386,5,17.150000000000002,3.5521944018448854,4,20.06,5.6472134491236,5.08249210421124,9197060.137793979,16292500.000000002,3811399.9999999995,848974.4620409276,4660374.462040927,30549934.599834908,36841634.009466894,67391568.6093018,0,0.0,6166.087208682153,0.8458478197829462,False,383682.3297419496,700.0,6.5,0.36676923076923074,21399,181238.83049999998,88.333616,66366.14480708438,737797.9295929157,247693.30892308435,30.801339777319996,True,,refinamiento ronda 2
15.503925305853384,5,17.150000000000002,3.5521944018448854,4,20.06,5.6472134491236,5.08249210421124,9519410.137793979,16292500.000000002,3811399.9999999995,848974.4620409276,4660374.462040927,30872284.599834908,36494370.52625891,67366655.12609382,0,0.0,6168.302805230188,0.8457924298692453,False,396845.9791988745,700.0,6.5,0.36676923076923074,22149,187590.95549999998,88.333616,66366.14480708438,737797.9295929157,254045.43392308435,31.591243878014797,True,,refinamiento ronda 2
15.241425305853385,5,17.150000000000002,3.7271944018448853,4,20.06,5.382064318960854,4.843857887064768,9358235.137793979,16292500.000000002,3811399.9999999995,890799.4620409276,4702199.462040927,30752934.599834908,36605376.28852545,67358310.88836035,0,0.0,6223.998177168038,0.8444000455707991,False,389560.4882058792,700.0,6.5,0.36676923076923074,21774,184414.89299999998,88.333616,66366.14480708438,737797.9295929157,250869.37142308435,31.196291827667395,True,,refinamiento ronda 2
18.281610292805752,4,13.72,4.4972682057936515,4,20.06,4.460485584150285,4.014437025735257,11224908.719782732,13034000.0,3811399.9999999995,1074847.1011846827,4886247.101184682,29545155.820967413,37971937.53390843,67517093.35487583,0,0.0,7938.001182492095,0.8015499704376976,False,203396.1918825404,700.0,6.5,0.36676923076923074,26117,221197.9315,88.333616,53092.91584566751,751071.1585543326,274379.1809616675,34.1198008834685,True,,refinamiento ronda 1
19.781610292805752,4,13.72,4.4972682057936515,4,20.06,4.460485584150285,4.014437025735257,12145908.719782732,13034000.0,3811399.9999999995,1074847.1011846827,4886247.101184682,30466155.820967413,37233754.10294131,67699909.92390873,0,0.0,8016.4408800773635,0.7995889779980659,False,229213.43928385832,700.0,6.5,0.36676923076923074,28260,239348.07,88.333616,53092.91584566751,751071.1585543326,292529.3194616675,36.37682020052045,True,,refinamiento ronda 1
19.031610292805752,4,13.72,3.9972682057936515,4,20.06,5.01842732767468,4.516584594907212,11685408.719782732,13034000.0,3811399.9999999995,955347.1011846827,4766747.101184682,29886155.820967413,37724613.9456681,67610769.7666355,0,0.0,7838.88260123159,0.8040279349692102,False,218017.05687961413,700.0,6.5,0.36676923076923074,27189,230277.2355,88.333616,53092.91584566751,751071.1585543326,283458.4849616675,35.24883714472827,True,,refinamiento ronda 1
19.031610292805752,4,13.72,4.9972682057936515,4,20.06,4.014193189939888,3.612773870945899,11685408.719782732,13034000.0,3811399.9999999995,1194347.1011846827,5005747.101184682,30125155.820967413,37507546.12466471,67632701.94563213,0,0.0,8066.604232903716,0.7983348941774071,False,216174.78838371756,700.0,6.5,0.36676923076923074,27189,230277.2355,88.333616,53092.91584566751,751071.1585543326,283458.4849616675,35.24883714472827,True,,refinamiento ronda 1
18.019110292805752,4,13.72,4.4972682057936515,4,20.06,4.460485584150285,4.014437025735257,11063733.719782732,13034000.0,3811399.9999999995,1074847.1011846827,4886247.101184682,29383980.820967413,38124120.944074295,67508101.76504171,0,0.0,7923.298543066532,0.8019175364233366,False,198376.38808057303,700.0,6.5,0.36676923076923074,25742,218021.869,88.333616,53092.91584566751,751071.1585543326,271203.1184616675,33.724848833121094,True,,refinamiento ronda 2
18.54411029280575,4,13.72,4.4972682057936515,4,20.06,4.460485584150285,4.014437025735257,11386083.71978273,13034000.0,3811399.9999999995,1074847.1011846827,4886247.101184682,29706330.820967413,37828300.303245716,67534631.12421313,0,0.0,7951.916557987915,0.8012020860503021,False,208220.52897421122,700.0,6.5,0.36676923076923074,26492,224373.99399999998,88.333616,53092.91584566751,751071.1585543326,277555.24346166744,34.51475293381589,True,,refinamiento ronda 2
18.281610292805752,4,13.72,4.322268205793652,4,20.06,4.641081729521363,4.1769735565692265,11224908.719782732,13034000.0,3811399.9999999995,1033022.1011846828,4844422.101184682,29503330.820967413,38006860.77059571,67510191.59156312,0,0.0,7899.53283166916,0.8025116792082709,False,203722.24965794524,700.0,6.5,0.36676923076923074,26117,221197.9315,88.333616,53092.91584566751,751071.1585543326,274379.1809616675,34.1198008834685,True,,refinamiento ronda 2
18.281610292805752,4,13.72,4.672268205793651,4,20.06,4.293417911053443,3.864076119948099,11224908.719782732,13034000.0,3811399.9999999995,1116672.1011846827,4928072.101184682,29586980.820967413,37943217.141669385,67530197.9626368,0,0.0,7971.780676673276,0.8007054830831681,False,203128.34165150387,700.0,6.5,0.36676923076923074,26117,221197.9315,88.333616,53092.91584566751,751071.1585543326,274379.1809616675,34.1198008834685,True,,refinamiento ronda 2
16.187894361451317,4,13.72,5.148793618407597,5,25.075,4.870072847813061,4.383065563031755,9939367.137931108,13034000.0,4764250.0,1230561.6747994155,5994811.674799415,29368178.812730525,38363818.884927884,67731997.6976584,0,0.0,7378.567215329426,0.8155358196167644,False,147344.6423191322,700.0,6.5,0.36676923076923074,23126,195865.65700000004,112.85502000000001,53092.91584566751,751071.1585543326,249071.42786566753,30.972712633488854,True,,refinamiento ronda 1
17.687894361451317,4,13.72,5.148793618407597,5,25.075,4.870072847813061,4.383065563031755,10860367.137931108,13034000.0,4764250.0,1230561.6747994155,5994811.674799415,30289178.812730525,37265019.58318639,67554198.39591691,0,0.0,7454.901652121382,0.8136274586969654,False,178964.99945609653,700.0,6.5,0.36676923076923074,25269,214015.7955,112.85502000000001,53092.91584566751,751071.1585543326,267221.5663656675,33.2297319505408,True,,refinamiento ronda 1
16.937894361451317,4,13.72,4.648793618407597,5,25.075,5.3938724878454,4.8544852390608595,10399867.137931108,13034000.0,4764250.0,1111061.6747994155,5875311.674799415,29709178.812730525,37914523.92801527,67623702.7407458,0,0.0,7320.171365166092,0.8169957158708476,False,164248.34735566095,700.0,6.5,0.36676923076923074,24197,204936.4915,112.85502000000001,53092.91584566751,751071.1585543326,258142.2623656675,32.100695689281025,True,,refinamiento ronda 1
16.937894361451317,4,13.72,5.648793618407597,5,25.075,4.439000907784745,3.995100817006271,10399867.137931108,13034000.0,4764250.0,1350061.6747994155,6114311.674799415,29948178.812730525,37717471.42240646,67665650.23513699,0,0.0,7479.91373690453,0.8130021565773867,False,162826.79944119457,700.0,6.5,0.36676923076923074,24197,204936.4915,112.85502000000001,53092.91584566751,751071.1585543326,258142.2623656675,32.100695689281025,True,,refinamiento ronda 1
17.425394361451318,4,13.72,5.148793618407597,5,25.075,4.870072847813061,4.383065563031755,10699192.137931108,13034000.0,4764250.0,1230561.6747994155,5994811.674799415,30128003.812730525,37436518.74818579,67564522.56091632,0,0.0,7443.007011910538,0.8139248247022366,False,173649.29296903883,700.0,6.5,0.36676923076923074,24894,210839.733,112.85502000000001,53092.91584566751,751071.1585543326,264045.5038656675,32.834779900193396,True,,refinamiento ronda 2
17.950394361451316,4,13.72,5.148793618407597,5,25.075,4.870072847813061,4.383065563031755,11021542.137931108,13034000.0,4764250.0,1230561.6747994155,5994811.674799415,30450353.812730525,37103530.02170253,67553883.83443305,0,0.0,7465.890069688988,0.8133527482577753,False,184059.84654336705,700.0,6.5,0.36676923076923074,25644,217191.858,112.85502000000001,53092.91584566751,751071.1585543326,270397.6288656675,33.6246840008882,True,,refinamiento ronda 2
17.687894361451317,4,13.72,4.973793618407597,5,25.075,5.041423493568272,4.537281144211444,10860367.137931108,13034000.0,4764250.0,1188736.6747994157,5952986.674799416,30247353.812730525,37304477.93224931,67551831.74497983,0,0.0,7423.416306710056,0.8144145923322486,False,179233.1593979336,700.0,6.5,0.36676923076923074,25269,214015.7955,112.85502000000001,53092.91584566751,751071.1585543326,267221.5663656675,33.2297319505408,True,,refinamiento ronda 2
17.687894361451317,4,13.72,5.3237936184075965,5,25.075,4.709987237916296,4.238988514124666,10860367.137931108,13034000.0,4764250.0,1272386.6747994155,6036636.674799415,30331003.812730525,37233113.86639891,67564117.67912944,0,0.0,7482.145869052497,0.8129463532736876,False,178736.65545251063,700.0,6.5,0.36676923076923074,25269,214015.7955,112.85502000000001,53092.91584566751,751071.1585543326,267221.5663656675,33.2297319505408,True,,refinamiento ronda 2
17.416723881391324,4,13.72,5.136636156002931,6,30.089999999999996,5.85791928533527,5.272127356801743,10693868.463174272,13034000.0,5717099.999999999,1227656.0412847004,6944756.041284699,31072624.50445897,36801662.870492406,67874287.37495138,0,0.0,6908.749031964041,0.827281274200899,False,164478.01981053714,700.0,6.5,0.36676923076923074,24882,210738.09900000002,137.37642400000001,53092.91584566751,751071.1585543326,263968.39126966754,32.825190738173504,True,,refinamiento ronda 1
18.916723881391324,4,13.72,5.136636156002931,6,30.089999999999996,5.85791928533527,5.272127356801743,11614868.463174272,13034000.0,5717099.999999999,1227656.0412847004,6944756.041284699,31993624.50445897,35981701.54145686,67975326.04591584,0,0.0,6928.063949801939,0.8267984012549515,False,191854.6243848245,700.0,6.5,0.36676923076923074,27024,228879.76799999998,137.37642400000001,53092.91584566751,751071.1585543326,282110.0602696675,35.08115684975785,True,,refinamiento ronda 1
18.166723881391324,4,13.72,4.636636156002931,6,30.089999999999996,6.4896185483614595,5.840656693525313,11154368.463174272,13034000.0,5717099.999999999,1108156.0412847004,6825256.041284699,31413624.50445897,36677416.703492194,68091041.20795116,0,0.0,6753.117839987423,0.8311720540003145,False,180277.60224561745,700.0,6.5,0.36676923076923074,25953,219808.9335,137.37642400000001,53092.91584566751,751071.1585543326,273039.22576966754,33.95317379396569,True,,refinamiento ronda 1
18.166723881391324,4,13.72,5.636636156002931,6,30.089999999999996,5.338290279381367,4.80446125144323,11154368.463174272,13034000.0,5717099.999999999,1347156.0412847004,7064256.041284699,31652624.50445897,36179520.43296117,67832144.93742014,0,0.0,7024.237070233755,0.8243940732441561,False,178132.1148749823,700.0,6.5,0.36676923076923074,25953,219808.9335,137.37642400000001,53092.91584566751,751071.1585543326,273039.22576966754,33.95317379396569,True,,refinamiento ronda 1
17.904223881391324,4,13.72,5.636636156002931,6,30.089999999999996,5.338290279381367,4.80446125144323,10993193.463174272,13034000.0,5717099.999999999,1347156.0412847004,7064256.041284699,31491449.50445897,36330223.22171471,67821672.72617368,0,0.0,7018.252697162169,0.8245436825709458,False,173275.05189804485,700.0,6.5,0.36676923076923074,25578,216632.87099999998,137.37642400000001,53092.91584566751,751071.1585543326,269863.1632696675,33.558221743618276,True,,refinamiento ronda 2
18.429223881391323,4,13.72,5.636636156002931,6,30.089999999999996,5.338290279381367,4.80446125144323,11315543.463174272,13034000.0,5717099.999999999,1347156.0412847004,7064256.041284699,31813799.50445897,36037770.68359471,67851570.18805368,0,0.0,7029.681174815713,0.8242579706296072,False,182763.7925526158,700.0,6.5,0.36676923076923074,26328,222984.996,137.37642400000001,53092.91584566751,751071.1585543326,276215.28826966754,34.34812584431309,True,,refinamiento ronda 2
18.166723881391324,4,13.72,5.461636156002931,6,30.089999999999996,5.509338070227878,4.95840426320509,11154368.463174272,13034000.0,5717099.999999999,1305331.0412847004,7022431.041284699,31610799.50445897,36234300.225510694,67845099.72996967,0,0.0,6991.555450584781,0.8252111137353805,False,178386.25691981573,700.0,6.5,0.36676923076923074,25953,219808.9335,137.37642400000001,53092.91584566751,751071.1585543326,273039.22576966754,33.95317379396569,True,,refinamiento ronda 2
18.166723881391324,4,13.72,5.811636156002931,6,30.089999999999996,5.177543671401308,4.659789304261177,11154368.463174272,13034000.0,5717099.999999999,1388981.0412847004,7106081.041284699,31694449.50445897,36131938.07877734,67826387.5832363,0,0.0,7053.240804613777,0.8236689798846556,False,177906.8988954654,700.0,6.5,0.36676923076923074,25953,219808.9335,137.37642400000001,53092.91584566751,751071.1585543326,273039.22576966754,33.95317379396569,True,,refinamiento ronda 2
16.52368374777867,5,17.150000000000002,3.6505435274092015,5,25.075,6.868840163589497,6.181956147230547,10145541.821136102,16292500.000000002,4764250.0,872479.9030507992,5636729.903050799,32474771.7241869,35454728.46629922,67929500.19048612,0,0.0,5625.514994501592,0.8593621251374601,False,412237.1252662471,700.0,6.5,0.36676923076923074,23606,199931.01700000002,112.85502000000001,66366.14480708438,737797.9295929157,266410.01682708436,33.128813547889116,True,,refinamiento ronda 1
18.02368374777867,5,17.150000000000002,3.6505435274092015,5,25.075,6.868840163589497,6.181956147230547,11066541.821136102,16292500.000000002,4764250.0,872479.9030507992,5636729.903050799,33395771.7241869,34695731.57996403,68091503.30415092,0,0.0,5606.175021062113,0.8598456244734471,False,449534.18738475913,700.0,6.5,0.36676923076923074,25749,218081.15550000002,112.85502000000001,66366.14480708438,737797.9295929157,284560.15532708436,35.38583286494107,True,,refinamiento ronda 1
17.27368374777867,5,17.150000000000002,4.1505435274092015,5,25.075,6.0413774327171055,5.437239689445394,10606041.821136102,16292500.000000002,4764250.0,991979.9030507992,5756229.903050799,33054771.7241869,34681566.17958841,67736337.9037753,0,0.0,5837.751462835358,0.8540562134291161,False,429334.17120386544,700.0,6.5,0.36676923076923074,24677,209001.8515,112.85502000000001,66366.14480708438,737797.9295929157,275480.85132708435,34.256796603681295,True,,refinamiento ronda 1
17.01118374777867,5,17.150000000000002,4.1505435274092015,5,25.075,6.0413774327171055,5.437239689445394,10444866.821136104,16292500.000000002,4764250.0,991979.9030507992,5756229.903050799,32893596.724186905,34820537.26818357,67714133.99237047,0,0.0,5839.3538432614005,0.854016153918465,False,422665.58273207035,700.0,6.5,0.36676923076923074,24302,205825.789,112.85502000000001,66366.14480708438,737797.9295929157,272304.78882708435,33.861844553333896,True,,refinamiento ronda 2
17.53618374777867,5,17.150000000000002,4.1505435274092015,5,25.075,6.0413774327171055,5.437239689445394,10767216.821136102,16292500.000000002,4764250.0,991979.9030507992,5756229.903050799,33215946.7241869,34552326.12146711,67768272.84565401,0,0.0,5836.143577638257,0.8540964105590436,False,435865.86369278276,700.0,6.5,0.36676923076923074,25052,212177.914,112.85502000000001,66366.14480708438,737797.9295929157,278656.91382708435,34.651748654028694,True,,refinamiento ronda 2
17.27368374777867,5,17.150000000000002,3.9755435274092017,5,25.075,6.3073136609174485,5.676582294825704,10606041.821136102,16292500.000000002,4764250.0,950154.9030507992,5714404.903050799,33012946.7241869,34785821.88851736,67798768.61270426,0,0.0,5774.983020359775,0.8556254244910056,False,429984.68178355676,700.0,6.5,0.36676923076923074,24677,209001.8515,112.85502000000001,66366.14480708438,737797.9295929157,275480.85132708435,34.256796603681295,True,,refinamiento ronda 2
17.27368374777867,5,17.150000000000002,4.325543527409201,5,25.075,5.796959351145116,5.217263416030604,10606041.821136102,16292500.000000002,4764250.0,1033804.9030507992,5798054.903050799,33096596.7241869,34600112.95556884,67696709.67975575,0,0.0,5891.253683835982,0.8527186579041004,False,428755.9731215368,700.0,6.5,0.36676923076923074,24677,209001.8515,112.85502000000001,66366.14480708438,737797.9295929157,275480.85132708435,34.256796603681295,True,,refinamiento ronda 2
15.271676952592578,5,17.150000000000002,4.7883179782844465,6,30.089999999999996,6.284043820076588,5.6556394380689285,9376809.648891844,16292500.000000002,5717099.999999999,1144407.9968099827,6861507.996809982,32930817.645701826,35176359.63823193,68107177.28393376,0,0.0,5584.073427224589,0.8603981643193852,False,366607.24848100776,700.0,6.5,0.36676923076923074,21817,184779.0815,137.37642400000001,66366.14480708438,737797.9295929157,251282.60273108436,31.247678269956342,True,,refinamiento ronda 1
16.77167695259258,5,17.150000000000002,4.7883179782844465,6,30.089999999999996,6.284043820076588,5.6556394380689285,10297809.648891844,16292500.000000002,5717099.999999999,1144407.9968099827,6861507.996809982,33851817.645701826,34281464.42921629,68133282.07491812,0,0.0,5571.876609438568,0.8607030847640358,False,404468.414682403,700.0,6.5,0.36676923076923074,23960,202929.22,137.37642400000001,66366.14480708438,737797.9295929157,269432.74123108434,33.50469758700829,True,,refinamiento ronda 1
16.02167695259258,5,17.150000000000002,4.2883179782844465,6,30.089999999999996,7.016737133853489,6.31506342046814,9837309.648891844,16292500.000000002,5717099.999999999,1024907.9968099827,6742007.996809982,33271817.645701826,35079171.456051916,68350989.10175374,0,0.0,5387.652327998549,0.8653086918000363,False,387146.7857398279,700.0,6.5,0.36676923076923074,22889,193858.38550000003,137.37642400000001,66366.14480708438,737797.9295929157,260361.9067310844,32.376714531216116,True,,refinamiento ronda 1
16.02167695259258,5,17.150000000000002,5.2883179782844465,6,30.089999999999996,5.689899912138287,5.120909920924459,9837309.648891844,16292500.000000002,5717099.999999999,1263907.9968099827,6981007.996809982,33510817.645701826,34488060.24035164,67998877.88605347,0,0.0,5696.230993149167,0.8575942251712708,False,383936.52463305654,700.0,6.5,0.36676923076923074,22889,193858.38550000003,137.37642400000001,66366.14480708438,737797.9295929157,260361.9067310844,32.376714531216116,True,,refinamiento ronda 1
15.75917695259258,5,17.150000000000002,5.2883179782844465,6,30.089999999999996,5.689899912138287,5.120909920924459,9676134.648891844,16292500.000000002,5717099.999999999,1263907.9968099827,6981007.996809982,33349642.645701826,34648423.596670166,67998066.24237199,0,0.0,5695.706284964214,0.8576073428758946,False,377324.5672898943,700.0,6.5,0.36676923076923074,22514,190682.32299999997,137.37642400000001,66366.14480708438,737797.9295929157,257185.84423108434,31.981762480868706,True,,refinamiento ronda 2
16.284176952592578,5,17.150000000000002,5.2883179782844465,6,30.089999999999996,5.689899912138287,5.120909920924459,9998484.648891842,16292500.000000002,5717099.999999999,1263907.9968099827,6981007.996809982,33671992.645701826,34331095.36222503,68003088.00792685,0,0.0,5696.422615835068,0.8575894346041233,False,390613.4544632462,700.0,6.5,0.36676923076923074,23264,197034.448,137.37642400000001,66366.14480708438,737797.9295929157,263537.96923108434,32.77166658156351,True,,refinamiento ronda 2
16.02167695259258,5,17.150000000000002,5.113317978284447,6,30.089999999999996,5.884633055833425,5.296169750250082,9837309.648891844,16292500.000000002,5717099.999999999,1222082.9968099827,6939182.996809982,33468992.645701826,34550892.12073894,68019884.76644076,0,0.0,5662.111397151073,0.8584472150712231,False,384359.29131617164,700.0,6.5,0.36676923076923074,22889,193858.38550000003,137.37642400000001,66366.14480708438,737797.9295929157,260361.9067310844,32.376714531216116,True,,refinamiento ronda 2
16.02167695259258,5,17.150000000000002,5.463317978284446,6,30.089999999999996,5.507642081167798,4.956877873051019,9837309.648891844,16292500.000000002,5717099.999999999,1305732.9968099827,7022832.996809982,33552642.645701826,34433802.98961394,67986445.63531578,0,0.0,5726.380415383268,0.8568404896154183,False,383564.11651607207,700.0,6.5,0.36676923076923074,22889,193858.38550000003,137.37642400000001,66366.14480708438,737797.9295929157,260361.9067310844,32.376714531216116,True,,refinamiento ronda 2
